{
  "close": {
    "abs_exceeds": 2.0,
    "abs_max": 1.0100000011448174e-05,
    "abs_mean": 1.0050000007311155e-05,
    "count": 2.0,
    "rel_exceeds": 0.0,
    "rel_max": 1.0000000011235815e-07,
    "rel_mean": 1.0000000007154976e-07
  },
  "volume": {
    "abs_exceeds": 2.0,
    "abs_max": 1.0,
    "abs_mean": 1.0,
    "count": 2.0,
    "rel_exceeds": 2.0,
    "rel_max": 0.000999999999999,
    "rel_mean": 0.000749999999999375
  }
}
