{
  "status": "running",
  "epoch": 1,
  "batch": 1090,
  "global_step": 1090,
  "elapsed_hours": 0.426436914006869,
  "timestamp": "2025-09-10T19:39:04.671218+09:00",
  "tz": "Asia/Tokyo",
  "pred_std_ema": {
    "1": 0.20056861281394958,
    "2": 0.37752932399511335,
    "3": 0.37365660548210144,
    "5": 0.18423271507024766,
    "10": 0.1662844567000866
  },
  "deg_bad_consec": {
    "1": 0,
    "2": 0,
    "3": 0,
    "5": 0,
    "10": 0
  }
}