{
  "epoch": 10,
  "train_loss": 0.8280404034256935,
  "val_loss": 1.4980580321578092,
  "avg_sharpe": -0.01103994191844938,
  "time": 1757601283.1966329,
  "timestamp": "2025-09-11T23:34:43.196649+09:00"
}