{
  "epoch": 1,
  "train_loss": 0.8415229132771492,
  "val_loss": 1.3871500561403673,
  "avg_sharpe": -0.00757173756379321,
  "time": 1757590280.008869,
  "timestamp": "2025-09-11T20:31:20.008878+09:00"
}