{"_step":2,"_timestamp":1.7565123897698321e+09,"epoch":2,"rankic_h1":0.18838053348157463,"train_loss":0.4081894408481784,"_wandb":{"runtime":0},"_runtime":0,"learning_rate":0.0008100000000000001,"val_loss":0.47153922825860706}