{"_step":4,"test_metric":0.4,"rankic_h1":0.19,"loss":0.030000000000000002,"step":4,"_wandb":{"runtime":0},"_runtime":0,"_timestamp":1.7565121374579184e+09}